-- MySQL dump 10.13  Distrib 8.0.19, for Win64 (x86_64)
--
-- Host: localhost    Database: onlinefoodorderingdb
-- ------------------------------------------------------
-- Server version	8.0.19

/*!40101 SET @OLD_CHARACTER_SET_CLIENT=@@CHARACTER_SET_CLIENT */;
/*!40101 SET @OLD_CHARACTER_SET_RESULTS=@@CHARACTER_SET_RESULTS */;
/*!40101 SET @OLD_COLLATION_CONNECTION=@@COLLATION_CONNECTION */;
/*!50503 SET NAMES utf8 */;
/*!40103 SET @OLD_TIME_ZONE=@@TIME_ZONE */;
/*!40103 SET TIME_ZONE='+00:00' */;
/*!40014 SET @OLD_UNIQUE_CHECKS=@@UNIQUE_CHECKS, UNIQUE_CHECKS=0 */;
/*!40014 SET @OLD_FOREIGN_KEY_CHECKS=@@FOREIGN_KEY_CHECKS, FOREIGN_KEY_CHECKS=0 */;
/*!40101 SET @OLD_SQL_MODE=@@SQL_MODE, SQL_MODE='NO_AUTO_VALUE_ON_ZERO' */;
/*!40111 SET @OLD_SQL_NOTES=@@SQL_NOTES, SQL_NOTES=0 */;

--
-- Table structure for table `cust_data_test`
--

DROP TABLE IF EXISTS `cust_data_test`;
/*!40101 SET @saved_cs_client     = @@character_set_client */;
/*!50503 SET character_set_client = utf8mb4 */;
CREATE TABLE `cust_data_test` (
  `username` text,
  `firstName` text,
  `lastName` text,
  `password` text,
  `gender` text,
  `address` text,
  `city` text,
  `state` text,
  `postalCode` int DEFAULT NULL,
  `phone` text,
  `email` text,
  `creditCard_masked` text,
  `paymentID` int DEFAULT NULL,
  `orderID` int DEFAULT NULL
) ENGINE=InnoDB DEFAULT CHARSET=latin1;
/*!40101 SET character_set_client = @saved_cs_client */;

--
-- Dumping data for table `cust_data_test`
--

LOCK TABLES `cust_data_test` WRITE;
/*!40000 ALTER TABLE `cust_data_test` DISABLE KEYS */;
INSERT INTO `cust_data_test` VALUES ('bensonricky','Gordon','Gregory','*5S(dqCHRyKG','Male','53373 Ramirez Flat','Port Ianport','NE',70197,'461-060-9812','fredericklewis@rose.com','XXXXXXXXXXXX3296',755316,4473),('brent99','Kathryn','Russell','_KaWDGGXg1u!','Female','13032 Johnson Crest Suite 820','Teresafurt','OK',34113,'001-083-811-8992x754','kelli80@yahoo.com','XXXXXXXXXXXX4477',470728,5359),('bryansmith','Joshua','Parks','k!Lq_@cldv3O','Male','288 Katherine Cape','Matthewsmouth','VA',85777,'180-254-6881x5028','martinezpatricia@newman.com','XXXXXXXXXXXX2112',563074,5854),('cheryl62','Shannon','Bautista','WUIB4zJq%*4!','Female','1559 Ashley Mews','Matthewsfurt','IA',42865,'(383)352-0704','michael63@mcdonald-holmes.net','XXXXXXXXXXXX2224',745684,6183),('christinakoch','Barbara','Torres','#)PKvuAMWIK1','Female','360 White Loaf','Kimfort','IN',44025,'001-808-925-0391x8302','christopher14@yahoo.com','XXXXXXXXXXXX7581',927599,7941),('crodriguez','Nicholas','Baker','Qlaai2PE#5PZ','Male','01864 Thomas Expressway Apt. 324','Taraton','GA',37110,'980-314-9775','tammy09@yahoo.com','XXXXXXXXXXXX5972',228851,5721),('daniel38','Edward','Williams','y)2Pw&u(W*g*','Male','5782 Michael Grove Apt. 597','Scottville','MA',43262,'(335)243-8087','patriciasteele@ward.info','XXXXXXXXXXXX1721',613506,9062),('davisstephanie','Danielle','Jensen','k^9O3OlN*4my','Female','037 Zachary Squares Apt. 207','West Crystal','IL',56428,'6648597488','henryrebecca@lambert.biz','XXXXXXXXXXXX5724',922128,2160),('emoore','Jared','Williams','vkA4DXfz*AR6','Male','4828 Fuentes Club','Matthewchester','MO',63067,'788.656.9170x88455','kenneth54@harvey.biz','XXXXXXXXXXXX5064',459915,6831),('gibsonmichelle','Alex','Lynch','&3cBqaEj_SPR','Male','73892 Jones Walk Apt. 780','Jamesberg','MN',60894,'766.505.4742x175','msmith@hotmail.com','XXXXXXXXXXXX5146',894438,2594),('hmurray','Joshua','Richardson','^3BKyEkmm3@R','Male','PSC 0534, Box 5686','APO','AA',63440,'+1-533-661-2259x35763','adamsdominic@yahoo.com','XXXXXXXXXXXX6149',779094,4946),('jason24','Laura','Jacobs','!1Gm5LmvfP(J','Female','345 Sophia Track Apt. 576','Dawnburgh','MT',71077,'(724)378-5261x1530','anthony89@yahoo.com','XXXXXXXXXXXX3924',641573,3718),('jessicagarcia','Kirsten','Mata','eN*&6ACp#TC8','Female','994 Daniel Ferry Suite 236','Duketon','NV',17946,'(306)671-2916x963','lance30@gmail.com','XXXXXXXXXXXX5116',320904,2545),('karenbrooks','David','Harris','sDS%5&Su(@V8','Male','05078 Boone Drive Suite 234','Judithbury','ND',36455,'(756)959-8213x596','halllisa@cruz-reed.com','XXXXXXXXXXXX5729',877874,2262),('kristinjohnson','Denise','Walker','l6Rz4Ghig&8c','Female','8257 Cody Forks Suite 637','Port Eric','KY',59069,'(911)919-3556x174','richard65@hotmail.com','XXXXXXXXXXXX2173',155862,8270),('lstone','Stacy','Duke','dQ9^3FCiloN4','Female','512 Manning Loop','Jennaview','KS',66710,'001-662-866-8692x3079','kimberly78@yahoo.com','XXXXXXXXXXXX1789',762745,2316),('michaelchan','Mary','Blair','9#T*oBwzuJ4&','Female','957 Robert Views Apt. 556','Lake Jessicamouth','SD',53590,'001-508-895-9237x6009','wendy59@anderson-kane.com','XXXXXXXXXXXX7942',916304,7043),('morriswilliam','Luke','Torres','g^EArZxp+s8%','Male','97209 Connor Stravenue Apt. 834','Port James','LA',66966,'001-515-711-8080x0362','matthew92@torres-kramer.net','XXXXXXXXXXXX6940',300997,2402),('nmurphy','Victor','Taylor','@R%3$piu7TXC','Male','24385 Gilbert Key Apt. 769','Mooreside','CO',32930,'001-438-955-6297','utapia@ball.com','XXXXXXXXXXXX2372',778596,8425),('peterstyler','Franklin','Tran','_SkhXpYcA4O&','Male','039 Duane Turnpike Apt. 274','Lake Carolynton','KY',61931,'(214)648-0446x64102','dixonlaura@yahoo.com','XXXXXXXXXXXX7398',701312,8278),('rsmith','April','Burton','i+0A5$c9SK6O','Female','4226 Jones Orchard Apt. 703','Spencerfort','KS',47740,'389-070-9696x985','johnmyers@fischer-bowers.com','XXXXXXXXXXXX1797',169867,3395),('salazarrita','Megan','Garrett','7X$#cgMi*iYu','Female','90041 Hernandez Rapids','Courtneyport','MD',29791,'791-865-0782','astephens@stewart.com','XXXXXXXXXXXX8290',557179,4997),('scottmark','Jason','Young','_sDGHvnCr4fC','Male','Unit 6266 Box 0727','DPO','AP',41130,'001-978-999-1450','angelamartin@hotmail.com','XXXXXXXXXXXX2502',147772,7611),('tonyamorgan','Joshua','Marshall','*Kq&7*IdIO79','Male','4333 George Freeway','Mcintyreville','HI',35377,'(015)763-8801x52101','patrickjohnson@gregory.net','XXXXXXXXXXXX4784',623628,9127),('yrios','Nicholas','Cortez','%6vOdMe^bR^@','Male','074 Andrew Mills','New Kennethbury','NY',86199,'(029)299-6635x1304','flemingshannon@yahoo.com','XXXXXXXXXXXX3153',223136,7602);
/*!40000 ALTER TABLE `cust_data_test` ENABLE KEYS */;
UNLOCK TABLES;

--
-- Table structure for table `customer_data`
--

DROP TABLE IF EXISTS `customer_data`;
/*!40101 SET @saved_cs_client     = @@character_set_client */;
/*!50503 SET character_set_client = utf8mb4 */;
CREATE TABLE `customer_data` (
  `username` varchar(255) NOT NULL,
  `firstName` varchar(100) DEFAULT NULL,
  `lastName` varchar(100) DEFAULT NULL,
  `gender` varchar(100) DEFAULT NULL,
  `address` varchar(255) DEFAULT NULL,
  `city` varchar(100) DEFAULT NULL,
  `state` varchar(100) DEFAULT NULL,
  `postalCode` varchar(100) DEFAULT NULL,
  `phone` varchar(100) DEFAULT NULL,
  `email` varchar(100) DEFAULT NULL,
  `creditCard` varchar(100) DEFAULT NULL,
  `paymentID` int DEFAULT NULL,
  `orderID` int DEFAULT NULL
) ENGINE=InnoDB DEFAULT CHARSET=latin1;
/*!40101 SET character_set_client = @saved_cs_client */;

--
-- Dumping data for table `customer_data`
--

LOCK TABLES `customer_data` WRITE;
/*!40000 ALTER TABLE `customer_data` DISABLE KEYS */;
INSERT INTO `customer_data` VALUES ('yrios','Nicholas','Cortez','Male','074 Andrew Mills','New Kennethbury','NY','86199','(029)299-6635x1304','flemingshannon@yahoo.com','4605869920833153',223136,7602),('brent99','Kathryn','Russell','Female','13032 Johnson Crest Suite 820','Teresafurt','OK','34113','001-083-811-8992x754','kelli80@yahoo.com','4605189377224477',470728,5359),('crodriguez','Nicholas','Baker','Male','01864 Thomas Expressway Apt. 324','Taraton','GA','37110','980-314-9775','tammy09@yahoo.com','4605836848895972',228851,5721),('morriswilliam','Luke','Torres','Male','97209 Connor Stravenue Apt. 834','Port James','LA','66966','001-515-711-8080x0362','matthew92@torres-kramer.net','4605710004256940',300997,2402),('cheryl62','Shannon','Bautista','Female','1559 Ashley Mews','Matthewsfurt','IA','42865','(383)352-0704','michael63@mcdonald-holmes.net','4605932318152224',745684,6183),('rsmith','April','Burton','Female','4226 Jones Orchard Apt. 703','Spencerfort','KS','47740','389-070-9696x985','johnmyers@fischer-bowers.com','4605313405681797',169867,3395),('karenbrooks','David','Harris','Male','05078 Boone Drive Suite 234','Judithbury','ND','36455','(756)959-8213x596','halllisa@cruz-reed.com','4605348012695729',877874,2262),('jessicagarcia','Kirsten','Mata','Female','994 Daniel Ferry Suite 236','Duketon','NV','17946','(306)671-2916x963','lance30@gmail.com','4605383681935116',320904,2545),('bensonricky','Gordon','Gregory','Male','53373 Ramirez Flat','Port Ianport','NE','70197','461-060-9812','fredericklewis@rose.com','4605717669973296',755316,4473),('emoore','Jared','Williams','Male','4828 Fuentes Club','Matthewchester','MO','63067','788.656.9170x88455','kenneth54@harvey.biz','4605833212395064',459915,6831),('hmurray','Joshua','Richardson','Male','PSC 0534, Box 5686','APO','AA','63440','+1-533-661-2259x35763','adamsdominic@yahoo.com','4605803011426149',779094,4946),('lstone','Stacy','Duke','Female','512 Manning Loop','Jennaview','KS','66710','001-662-866-8692x3079','kimberly78@yahoo.com','4605382187691789',762745,2316),('salazarrita','Megan','Garrett','Female','90041 Hernandez Rapids','Courtneyport','MD','29791','791-865-0782','astephens@stewart.com','4605139940338290',557179,4997),('nmurphy','Victor','Taylor','Male','24385 Gilbert Key Apt. 769','Mooreside','CO','32930','001-438-955-6297','utapia@ball.com','4605774845402372',778596,8425),('kristinjohnson','Denise','Walker','Female','8257 Cody Forks Suite 637','Port Eric','KY','59069','(911)919-3556x174','richard65@hotmail.com','4605195511622173',155862,8270),('jason24','Laura','Jacobs','Female','345 Sophia Track Apt. 576','Dawnburgh','MT','71077','(724)378-5261x1530','anthony89@yahoo.com','4605215456743924',641573,3718),('tonyamorgan','Joshua','Marshall','Male','4333 George Freeway','Mcintyreville','HI','35377','(015)763-8801x52101','patrickjohnson@gregory.net','4605906732894784',623628,9127),('daniel38','Edward','Williams','Male','5782 Michael Grove Apt. 597','Scottville','MA','43262','(335)243-8087','patriciasteele@ward.info','4605944681211721',613506,9062),('peterstyler','Franklin','Tran','Male','039 Duane Turnpike Apt. 274','Lake Carolynton','KY','61931','(214)648-0446x64102','dixonlaura@yahoo.com','4605626653067398',701312,8278),('michaelchan','Mary','Blair','Female','957 Robert Views Apt. 556','Lake Jessicamouth','SD','53590','001-508-895-9237x6009','wendy59@anderson-kane.com','4605272248097942',916304,7043),('gibsonmichelle','Alex','Lynch','Male','73892 Jones Walk Apt. 780','Jamesberg','MN','60894','766.505.4742x175','msmith@hotmail.com','4605254230365146',894438,2594),('bryansmith','Joshua','Parks','Male','288 Katherine Cape','Matthewsmouth','VA','85777','180-254-6881x5028','martinezpatricia@newman.com','4605222772232112',563074,5854),('christinakoch','Barbara','Torres','Female','360 White Loaf','Kimfort','IN','44025','001-808-925-0391x8302','christopher14@yahoo.com','4605988292977581',927599,7941),('davisstephanie','Danielle','Jensen','Female','037 Zachary Squares Apt. 207','West Crystal','IL','56428','6648597488','henryrebecca@lambert.biz','4605817547915724',922128,2160),('scottmark','Jason','Young','Male','Unit 6266 Box 0727','DPO','AP','41130','001-978-999-1450','angelamartin@hotmail.com','4605815650622502',147772,7611);
/*!40000 ALTER TABLE `customer_data` ENABLE KEYS */;
UNLOCK TABLES;

--
-- Table structure for table `customer_masked_data_updated`
--

DROP TABLE IF EXISTS `customer_masked_data_updated`;
/*!40101 SET @saved_cs_client     = @@character_set_client */;
/*!50503 SET character_set_client = utf8mb4 */;
CREATE TABLE `customer_masked_data_updated` (
  `username` text,
  `firstName` text,
  `lastName` text,
  `password` text,
  `gender` text,
  `address` text,
  `city` text,
  `state` text,
  `postalCode` int DEFAULT NULL,
  `phone` text,
  `email` text,
  `creditCard_masked` text,
  `paymentID` int DEFAULT NULL,
  `orderID` int DEFAULT NULL
) ENGINE=InnoDB DEFAULT CHARSET=latin1;
/*!40101 SET character_set_client = @saved_cs_client */;

--
-- Dumping data for table `customer_masked_data_updated`
--

LOCK TABLES `customer_masked_data_updated` WRITE;
/*!40000 ALTER TABLE `customer_masked_data_updated` DISABLE KEYS */;
INSERT INTO `customer_masked_data_updated` VALUES ('bensonricky','Gordon','Gregory','*5S(dqCHRyKG','Male','53373 Ramirez Flat','Port Ianport','NE',70197,'461-060-9812','fredericklewis@rose.com','XXXXXXXXXXXX3296',755316,4473),('brent99','Kathryn','Russell','_KaWDGGXg1u!','Female','13032 Johnson Crest Suite 820','Teresafurt','OK',34113,'001-083-811-8992x754','kelli80@yahoo.com','XXXXXXXXXXXX4477',470728,5359),('bryansmith','Joshua','Parks','k!Lq_@cldv3O','Male','288 Katherine Cape','Matthewsmouth','VA',85777,'180-254-6881x5028','martinezpatricia@newman.com','XXXXXXXXXXXX2112',563074,5854),('cheryl62','Shannon','Bautista','WUIB4zJq%*4!','Female','1559 Ashley Mews','Matthewsfurt','IA',42865,'(383)352-0704','michael63@mcdonald-holmes.net','XXXXXXXXXXXX2224',745684,6183),('christinakoch','Barbara','Torres','#)PKvuAMWIK1','Female','360 White Loaf','Kimfort','IN',44025,'001-808-925-0391x8302','christopher14@yahoo.com','XXXXXXXXXXXX7581',927599,7941),('crodriguez','Nicholas','Baker','Qlaai2PE#5PZ','Male','01864 Thomas Expressway Apt. 324','Taraton','GA',37110,'980-314-9775','tammy09@yahoo.com','XXXXXXXXXXXX5972',228851,5721),('daniel38','Edward','Williams','y)2Pw&u(W*g*','Male','5782 Michael Grove Apt. 597','Scottville','MA',43262,'(335)243-8087','patriciasteele@ward.info','XXXXXXXXXXXX1721',613506,9062),('davisstephanie','Danielle','Jensen','k^9O3OlN*4my','Female','037 Zachary Squares Apt. 207','West Crystal','IL',56428,'6648597488','henryrebecca@lambert.biz','XXXXXXXXXXXX5724',922128,2160),('emoore','Jared','Williams','vkA4DXfz*AR6','Male','4828 Fuentes Club','Matthewchester','MO',63067,'788.656.9170x88455','kenneth54@harvey.biz','XXXXXXXXXXXX5064',459915,6831),('gibsonmichelle','Alex','Lynch','&3cBqaEj_SPR','Male','73892 Jones Walk Apt. 780','Jamesberg','MN',60894,'766.505.4742x175','msmith@hotmail.com','XXXXXXXXXXXX5146',894438,2594),('hmurray','Joshua','Richardson','^3BKyEkmm3@R','Male','PSC 0534, Box 5686','APO','AA',63440,'+1-533-661-2259x35763','adamsdominic@yahoo.com','XXXXXXXXXXXX6149',779094,4946),('jason24','Laura','Jacobs','!1Gm5LmvfP(J','Female','345 Sophia Track Apt. 576','Dawnburgh','MT',71077,'(724)378-5261x1530','anthony89@yahoo.com','XXXXXXXXXXXX3924',641573,3718),('jessicagarcia','Kirsten','Mata','eN*&6ACp#TC8','Female','994 Daniel Ferry Suite 236','Duketon','NV',17946,'(306)671-2916x963','lance30@gmail.com','XXXXXXXXXXXX5116',320904,2545),('karenbrooks','David','Harris','sDS%5&Su(@V8','Male','05078 Boone Drive Suite 234','Judithbury','ND',36455,'(756)959-8213x596','halllisa@cruz-reed.com','XXXXXXXXXXXX5729',877874,2262),('kristinjohnson','Denise','Walker','l6Rz4Ghig&8c','Female','8257 Cody Forks Suite 637','Port Eric','KY',59069,'(911)919-3556x174','richard65@hotmail.com','XXXXXXXXXXXX2173',155862,8270),('lstone','Stacy','Duke','dQ9^3FCiloN4','Female','512 Manning Loop','Jennaview','KS',66710,'001-662-866-8692x3079','kimberly78@yahoo.com','XXXXXXXXXXXX1789',762745,2316),('michaelchan','Mary','Blair','9#T*oBwzuJ4&','Female','957 Robert Views Apt. 556','Lake Jessicamouth','SD',53590,'001-508-895-9237x6009','wendy59@anderson-kane.com','XXXXXXXXXXXX7942',916304,7043),('morriswilliam','Luke','Torres','g^EArZxp+s8%','Male','97209 Connor Stravenue Apt. 834','Port James','LA',66966,'001-515-711-8080x0362','matthew92@torres-kramer.net','XXXXXXXXXXXX6940',300997,2402),('nmurphy','Victor','Taylor','@R%3$piu7TXC','Male','24385 Gilbert Key Apt. 769','Mooreside','CO',32930,'001-438-955-6297','utapia@ball.com','XXXXXXXXXXXX2372',778596,8425),('peterstyler','Franklin','Tran','_SkhXpYcA4O&','Male','039 Duane Turnpike Apt. 274','Lake Carolynton','KY',61931,'(214)648-0446x64102','dixonlaura@yahoo.com','XXXXXXXXXXXX7398',701312,8278),('rsmith','April','Burton','i+0A5$c9SK6O','Female','4226 Jones Orchard Apt. 703','Spencerfort','KS',47740,'389-070-9696x985','johnmyers@fischer-bowers.com','XXXXXXXXXXXX1797',169867,3395),('salazarrita','Megan','Garrett','7X$#cgMi*iYu','Female','90041 Hernandez Rapids','Courtneyport','MD',29791,'791-865-0782','astephens@stewart.com','XXXXXXXXXXXX8290',557179,4997),('scottmark','Jason','Young','_sDGHvnCr4fC','Male','Unit 6266 Box 0727','DPO','AP',41130,'001-978-999-1450','angelamartin@hotmail.com','XXXXXXXXXXXX2502',147772,7611),('tonyamorgan','Joshua','Marshall','*Kq&7*IdIO79','Male','4333 George Freeway','Mcintyreville','HI',35377,'(015)763-8801x52101','patrickjohnson@gregory.net','XXXXXXXXXXXX4784',623628,9127),('yrios','Nicholas','Cortez','%6vOdMe^bR^@','Male','074 Andrew Mills','New Kennethbury','NY',86199,'(029)299-6635x1304','flemingshannon@yahoo.com','XXXXXXXXXXXX3153',223136,7602);
/*!40000 ALTER TABLE `customer_masked_data_updated` ENABLE KEYS */;
UNLOCK TABLES;

--
-- Table structure for table `employee_data`
--

DROP TABLE IF EXISTS `employee_data`;
/*!40101 SET @saved_cs_client     = @@character_set_client */;
/*!50503 SET character_set_client = utf8mb4 */;
CREATE TABLE `employee_data` (
  `emp_id` varchar(255) NOT NULL,
  `ssn` varchar(50) DEFAULT NULL,
  `firstName` varchar(100) DEFAULT NULL,
  `lastName` varchar(100) DEFAULT NULL,
  `gender` varchar(100) DEFAULT NULL,
  `address` varchar(255) DEFAULT NULL,
  `city` varchar(100) DEFAULT NULL,
  `state` varchar(100) DEFAULT NULL,
  `postalCode` varchar(100) DEFAULT NULL,
  `phone` varchar(100) DEFAULT NULL,
  `email` varchar(100) DEFAULT NULL,
  `salary` float DEFAULT NULL
) ENGINE=InnoDB DEFAULT CHARSET=latin1;
/*!40101 SET character_set_client = @saved_cs_client */;

--
-- Dumping data for table `employee_data`
--

LOCK TABLES `employee_data` WRITE;
/*!40000 ALTER TABLE `employee_data` DISABLE KEYS */;
INSERT INTO `employee_data` VALUES ('1C090D0236924DB9A8A1C2FEF509DB85','449-90-9145','Tyler','Humphrey','Male','6725 Jackson Vista Apt. 688','West Jeffreyview','FL','02386','(091)100-0708','brettrodriguez@cohen.org',4111),('C76A93D92AAC4C7C810D04912D4F9957','172-17-2598','Alexandra','Chen','Female','987 Mcknight Island Suite 294','Port Kevin','MS','26247','(843)823-4848','churcheugene@yahoo.com',3575.92),('4260EC65E29841B09E3383CC3681AA23','582-97-3183','Charles','Grant','Male','290 James Dale Apt. 266','Elizabethburgh','CT','25926','583-977-2251x537','kristi58@parker.info',7600.13),('C17A8377C7094E0B8F1514EC18505F1A','043-14-0766','Anthony','Flores','Male','436 Derek Highway Suite 591','Jenniferfurt','ND','18878','+1-500-829-6573x96501','keithwilliam@pierce.com',7369.76),('65A8459021914D8688FF6D528EA54B69','309-09-5918','Suzanne','Mercado','Female','61841 Nicholson Meadow Suite 743','East Christine','SC','57222','+1-466-607-4722x92064','christopher41@hotmail.com',6180.75),('12605C7653D14EBF9366C0AA4A5B9D90','846-12-6166','Stephanie','French','Female','007 Jason Freeway Apt. 772','Carterberg','OH','16263','(558)671-6520','brownchristopher@grimes.com',4058.67),('E8255074E56A4209B28FADC0A5248708','421-25-4533','Kenneth','Juarez','Male','92486 Wilson Plaza Apt. 362','Lake Caitlinton','DC','38948','377-616-9769','vhampton@hawkins.info',7290.35),('8B3C8C4913D2498D98BBDAA6AB13FF33','395-79-1272','Sharon','Stewart','Female','27563 Elizabeth Court Apt. 497','Kirktown','MO','80618','001-639-306-2596x5900','maurice12@yang.com',7017.07),('2C64B0704E7B49FB982D1628D6623AFC','504-19-0554','Martin','Henderson','Male','71983 Heather Oval Apt. 088','Bettyton','WY','46978','7286401796','denisekrause@gallagher.org',9180.84),('DEFAB3813B354728B5DD435BB42D15E9','796-72-2950','Sean','English','Male','560 Bauer Fields','New Robert','IL','77386','725.880.1815','andrea35@yahoo.com',8590.95),('668285544FA64E79A83FBB2BC6A2CA1D','242-73-6852','Samuel','Grant','Male','5861 Paul Ridges Apt. 410','Nicholsburgh','NV','86590','056-381-5601x405','cochranvalerie@hotmail.com',5145.02),('9F365981C1BC431CAD2B282DB9698BD7','432-63-8240','Regina','Cruz','Female','2233 Lisa Track','Washingtonchester','FL','20817','762.654.8209x57656','ashley11@willis-rosario.biz',7809.78),('1F7E905A4F1C47F8B09521C1F2D8AEB7','760-33-8721','Sophia','Dillon','Female','9470 Frazier Creek Apt. 026','Cristianville','RI','36164','080.895.1037x308','rowlandsheila@jones.com',3467.68),('A7AE6975006F481393B63EDD89370C81','321-69-9938','Frank','Hanson','Male','47045 Andrew Courts Suite 258','Lake Tammie','AZ','43498','001-095-590-4154x22373','courtneybennett@yahoo.com',4968.32),('6B9F7B98189A46B89F9B102BD6E91D82','095-70-3543','Jasmine','Gardner','Female','173 Gill Islands','South Monica','AL','47962','001-283-165-1064x80550','mbishop@mcdonald.info',4634.24),('4436208F5CCE4A95B11EC85E1252EA7E','551-22-2661','Deanna','Shaw','Female','49775 Wallace Centers Suite 310','Lake Jennifer','FL','31478','+1-404-053-2039','michaelhubbard@gmail.com',6702.56),('1B0BEA2805FD4E47BB85593722A1FB72','169-92-7278','Craig','Newton','Male','084 Mccall Club','Harrellborough','WV','50278','155.799.2312','anthony92@gmail.com',6080.83),('5D9344BC8420452D821D371F2BFF7EAC','481-47-9979','Michael','Wiggins','Male','636 Yolanda Groves Suite 443','South Heidifurt','RI','64554','(466)904-0080','jeffery27@mack-robinson.com',6918.78),('312D3475EEC045F0A8A922081D0AE442','440-96-3632','Brandon','Oconnor','Male','2460 Victor Springs Suite 443','Brandonhaven','WV','40047','253.116.3129x39241','everettjoel@roberts.com',6781.79),('93AE90FC7DEC4BB99CF6A55535776571','013-61-7142','Robin','Torres','Female','4943 George Row','Medinashire','ID','99421','236-603-7508','dperry@gmail.com',7781.24),('FD9DA3C1C7534662885D7A8131625A4C','432-70-7266','Timothy','Avila','Male','999 Lee Viaduct Suite 267','Loganfort','CT','53766','(614)045-3275','blackdonna@stone.com',7083.94),('4331F5E5323D4A228C5DC5E8878B2011','239-59-6993','Dylan','Robinson','Male','83928 James Plains','South Kristenmouth','DE','82279','(762)846-0842x002','pattersonkristen@mcfarland.com',5152.61),('64E753977D354D94BDB05673333A3663','704-48-7491','Monica','Frazier','Female','5269 Burton Pass','New Janettown','WV','89913','599.083.7886x18217','qhill@gmail.com',8827.17),('BAB4399CF9AC494DBBFF3C5F3AA924B5','412-68-5493','Kristie','Marsh','Female','410 Anthony Hill','West Raymond','WV','54082','629.466.3593x300','michaelpotter@yahoo.com',3610.91),('2E6FE2BB0FAF41DE8F786BDA6480BC1A','265-52-3681','Mark','Kelly','Male','182 Cobb Roads','Justinland','TX','33154','001-125-661-5039x8295','garciasamuel@taylor.net',5902.3),('CCC4C93831EF4D33823D6E47B4201958','809-95-1432','John','Rich','Male','PSC 0253, Box 3792','APO','AP','63918','(529)634-9193x6519','xforbes@yahoo.com',5004.58),('01FBCF9D30B3464AB60848E74A90EE4D','007-65-6142','Jackie','Wilson','Female','130 Allison Park Apt. 640','Joneschester','OR','27082','005-249-9181x47503','shirley11@compton.biz',4162.88),('82235C1AA39C4CF3B1746C0E2853FF81','512-46-7657','Michael','Vasquez','Male','726 Frederick Shoals Suite 311','Pierceberg','ND','77621','8792127175','josephramirez@reeves.com',6770.93),('EC674DF947654BCEA84D1C482D86414F','369-99-2055','Gary','Rogers','Male','97445 Hopkins Inlet','Wendymouth','NM','61997','+1-034-533-1265','walkerjason@brown.com',5573.69),('B27EBA09723A4632B42140B297BDF277','785-53-3848','April','Sharp','Female','Unit 8249 Box 2322','DPO','AP','82302','656-508-5891x107','npotter@dunn.com',3758.14),('2FB81410CAB74EFA900DE63F95BE754B','521-97-0709','Ruth','Rice','Female','41635 Amy Fort Apt. 213','Haynesview','IA','69536','+1-817-502-9917x4449','cortezkaren@johnson.com',6178.97),('B67721E33A9242618E84737A26524043','231-49-0135','Levi','Phillips','Male','Unit 0835 Box 3683','DPO','AE','87195','(050)413-7311x5565','michael18@gomez-vega.com',3545.49),('5B3E3E85B7E343039B45F29EC7A7E25B','644-57-3139','Michelle','Wood','Female','21782 Logan Glen','East Kellyhaven','NC','22599','266.332.5134','berryray@turner.org',6617.61),('E3D87CE34DD44AFC8683EDBF21CE144F','135-25-3896','Ernest','Burnett','Male','Unit 2576 Box 7669','DPO','AE','25243','1931872319','jesse08@hotmail.com',7910.16),('E8918106BD4043B4AB61B0EA0AD98CA7','531-45-7223','Robert','Wright','Male','393 Flores Spurs Suite 054','Hayesstad','MT','15762','154-901-3210','houstonkathleen@moore.net',5602.61),('0B7C2AFA3572460ABB45D4A1749557CB','492-52-5523','Michael','Jenkins','Male','470 Wagner Mission','East Terry','SC','03436','7436072802','mirandaturner@williams.com',4919.68),('5B8543B27D9C4E47A43F093BAEE4E964','646-48-9502','Brenda','Wood','Female','986 Davis Plaza Suite 445','Thompsonton','NE','97965','556.206.1115x52258','matthewcoffey@serrano.org',7413.09),('ECFB1E424A2042F28AC44C9699B88F14','075-96-9372','Caitlyn','Kelly','Female','22331 Richard Ports Suite 809','New Kylie','HI','11900','856.053.7533x108','taylorcassandra@johnson-maynard.biz',6783.26),('4995DCA7DFFD4A00B16177AC97C924D9','236-99-6990','Richard','Lawrence','Male','Unit 9154 Box 3121','DPO','AE','47858','(647)013-3246','browntimothy@russell.com',7702.13),('1470D848492844B5B1BD83BA1E6426C2','460-13-3688','Ashley','English','Female','582 Brown Parkway Suite 736','West Misty','WI','44335','(702)274-9779x8587','ashleyrobbins@hotmail.com',5496.73),('E97466C7E12441CEBE67C3F81F68ACF1','012-67-6968','Jennifer','Anderson','Female','47120 Wright Hollow Apt. 326','North Davidmouth','IN','84779','001-256-630-5453x4224','harrisondana@yahoo.com',5306.96),('4C956FCF756740E88840729AD61C8CF3','684-43-2841','Derek','Brown','Male','44043 Perez Point Apt. 487','Port Loriburgh','OH','62455','591-292-5278x605','victoriapugh@poole-rhodes.com',3009.32),('1927C01A73AC4EDEBB313C8138E98F2D','839-19-3815','Phillip','Humphrey','Male','882 Robert Square','New Aaron','TX','69474','(107)607-5198','robertperkins@wilkerson.net',8351.72),('F0C77E0EBE734949B34A3C9D65B685E8','516-25-1976','Bryan','Duran','Male','003 Jennifer Well Suite 727','South Andreashire','CO','47876','245.754.9204x705','johnsonamanda@yahoo.com',7400),('B6366AF477CE4B86B626338E3DBB0D27','580-75-1214','Mary','Stokes','Female','Unit 0876 Box 1300','DPO','AE','64433','+1-814-090-7562','bryantkatherine@yahoo.com',9026.83),('EBAF716D8469468692832DCB5E9CA859','151-57-5872','Jose','Hicks','Male','9154 Morton Route Suite 435','New James','GA','01375','(060)356-6727','norrisjennifer@gmail.com',7852.53),('127B69EA0B784F64BC3960FBF35C38F6','451-12-2303','Michael','Ramsey','Male','893 Curtis Courts Apt. 531','Fernandostad','NV','06989','123-187-1717x24234','timothy92@gmail.com',7040.69),('2136AAA00EF8414F83561146DF9B1BB9','884-24-4407','Angelica','Cummings','Female','66929 Laura Meadows Apt. 880','Hoffmantown','WY','61228','969-270-3572','tiffany62@yahoo.com',5903.02),('4B39052ACD984A85AF9BE9EF9547244C','247-31-4953','Raven','Dawson','Female','4109 Gregory Vista Suite 033','Jamieburgh','WV','70692','(429)017-8574','jeffreywatson@gmail.com',3832.08),('427733AB28724279B7FA161229F73AE7','855-43-5739','Robert','Richards','Male','484 John Ville','Smithland','UT','14651','1385994938','tiffany13@gmail.com',7598.85);
/*!40000 ALTER TABLE `employee_data` ENABLE KEYS */;
UNLOCK TABLES;

--
-- Table structure for table `employee_masked_data`
--

DROP TABLE IF EXISTS `employee_masked_data`;
/*!40101 SET @saved_cs_client     = @@character_set_client */;
/*!50503 SET character_set_client = utf8mb4 */;
CREATE TABLE `employee_masked_data` (
  `emp_id` varchar(255) NOT NULL,
  `masked_ssn` varchar(100) DEFAULT NULL,
  `firstName` varchar(100) DEFAULT NULL,
  `lastName` varchar(100) DEFAULT NULL,
  `gender` varchar(100) DEFAULT NULL,
  `address` varchar(255) DEFAULT NULL,
  `city` varchar(100) DEFAULT NULL,
  `state` varchar(100) DEFAULT NULL,
  `postalCode` varchar(100) DEFAULT NULL,
  `phone` varchar(100) DEFAULT NULL,
  `email` varchar(100) DEFAULT NULL,
  `salary` varchar(100) DEFAULT NULL
) ENGINE=InnoDB DEFAULT CHARSET=latin1;
/*!40101 SET character_set_client = @saved_cs_client */;

--
-- Dumping data for table `employee_masked_data`
--

LOCK TABLES `employee_masked_data` WRITE;
/*!40000 ALTER TABLE `employee_masked_data` DISABLE KEYS */;
INSERT INTO `employee_masked_data` VALUES ('1C090D0236924DB9A8A1C2FEF509DB85','XXX-XX-XX45','Tyler','Humphrey','Male','6725 Jackson Vista Apt. 688','West Jeffreyview','FL','02386','(091)100-0708','brettrodriguez@cohen.org','4111.0'),('C76A93D92AAC4C7C810D04912D4F9957','XXX-XX-XX98','Alexandra','Chen','Female','987 Mcknight Island Suite 294','Port Kevin','MS','26247','(843)823-4848','churcheugene@yahoo.com','3575.92'),('4260EC65E29841B09E3383CC3681AA23','XXX-XX-XX83','Charles','Grant','Male','290 James Dale Apt. 266','Elizabethburgh','CT','25926','583-977-2251x537','kristi58@parker.info','7600.13'),('C17A8377C7094E0B8F1514EC18505F1A','XXX-XX-XX66','Anthony','Flores','Male','436 Derek Highway Suite 591','Jenniferfurt','ND','18878','+1-500-829-6573x96501','keithwilliam@pierce.com','7369.76'),('65A8459021914D8688FF6D528EA54B69','XXX-XX-XX18','Suzanne','Mercado','Female','61841 Nicholson Meadow Suite 743','East Christine','SC','57222','+1-466-607-4722x92064','christopher41@hotmail.com','6180.75'),('12605C7653D14EBF9366C0AA4A5B9D90','XXX-XX-XX66','Stephanie','French','Female','007 Jason Freeway Apt. 772','Carterberg','OH','16263','(558)671-6520','brownchristopher@grimes.com','4058.67'),('E8255074E56A4209B28FADC0A5248708','XXX-XX-XX33','Kenneth','Juarez','Male','92486 Wilson Plaza Apt. 362','Lake Caitlinton','DC','38948','377-616-9769','vhampton@hawkins.info','7290.35'),('8B3C8C4913D2498D98BBDAA6AB13FF33','XXX-XX-XX72','Sharon','Stewart','Female','27563 Elizabeth Court Apt. 497','Kirktown','MO','80618','001-639-306-2596x5900','maurice12@yang.com','7017.07'),('2C64B0704E7B49FB982D1628D6623AFC','XXX-XX-XX54','Martin','Henderson','Male','71983 Heather Oval Apt. 088','Bettyton','WY','46978','7286401796','denisekrause@gallagher.org','9180.84'),('DEFAB3813B354728B5DD435BB42D15E9','XXX-XX-XX50','Sean','English','Male','560 Bauer Fields','New Robert','IL','77386','725.880.1815','andrea35@yahoo.com','8590.95'),('668285544FA64E79A83FBB2BC6A2CA1D','XXX-XX-XX52','Samuel','Grant','Male','5861 Paul Ridges Apt. 410','Nicholsburgh','NV','86590','056-381-5601x405','cochranvalerie@hotmail.com','5145.02'),('9F365981C1BC431CAD2B282DB9698BD7','XXX-XX-XX40','Regina','Cruz','Female','2233 Lisa Track','Washingtonchester','FL','20817','762.654.8209x57656','ashley11@willis-rosario.biz','7809.78'),('1F7E905A4F1C47F8B09521C1F2D8AEB7','XXX-XX-XX21','Sophia','Dillon','Female','9470 Frazier Creek Apt. 026','Cristianville','RI','36164','080.895.1037x308','rowlandsheila@jones.com','3467.68'),('A7AE6975006F481393B63EDD89370C81','XXX-XX-XX38','Frank','Hanson','Male','47045 Andrew Courts Suite 258','Lake Tammie','AZ','43498','001-095-590-4154x22373','courtneybennett@yahoo.com','4968.32'),('6B9F7B98189A46B89F9B102BD6E91D82','XXX-XX-XX43','Jasmine','Gardner','Female','173 Gill Islands','South Monica','AL','47962','001-283-165-1064x80550','mbishop@mcdonald.info','4634.24'),('4436208F5CCE4A95B11EC85E1252EA7E','XXX-XX-XX61','Deanna','Shaw','Female','49775 Wallace Centers Suite 310','Lake Jennifer','FL','31478','+1-404-053-2039','michaelhubbard@gmail.com','6702.56'),('1B0BEA2805FD4E47BB85593722A1FB72','XXX-XX-XX78','Craig','Newton','Male','084 Mccall Club','Harrellborough','WV','50278','155.799.2312','anthony92@gmail.com','6080.83'),('5D9344BC8420452D821D371F2BFF7EAC','XXX-XX-XX79','Michael','Wiggins','Male','636 Yolanda Groves Suite 443','South Heidifurt','RI','64554','(466)904-0080','jeffery27@mack-robinson.com','6918.78'),('312D3475EEC045F0A8A922081D0AE442','XXX-XX-XX32','Brandon','Oconnor','Male','2460 Victor Springs Suite 443','Brandonhaven','WV','40047','253.116.3129x39241','everettjoel@roberts.com','6781.79'),('93AE90FC7DEC4BB99CF6A55535776571','XXX-XX-XX42','Robin','Torres','Female','4943 George Row','Medinashire','ID','99421','236-603-7508','dperry@gmail.com','7781.24'),('FD9DA3C1C7534662885D7A8131625A4C','XXX-XX-XX66','Timothy','Avila','Male','999 Lee Viaduct Suite 267','Loganfort','CT','53766','(614)045-3275','blackdonna@stone.com','7083.94'),('4331F5E5323D4A228C5DC5E8878B2011','XXX-XX-XX93','Dylan','Robinson','Male','83928 James Plains','South Kristenmouth','DE','82279','(762)846-0842x002','pattersonkristen@mcfarland.com','5152.61'),('64E753977D354D94BDB05673333A3663','XXX-XX-XX91','Monica','Frazier','Female','5269 Burton Pass','New Janettown','WV','89913','599.083.7886x18217','qhill@gmail.com','8827.17'),('BAB4399CF9AC494DBBFF3C5F3AA924B5','XXX-XX-XX93','Kristie','Marsh','Female','410 Anthony Hill','West Raymond','WV','54082','629.466.3593x300','michaelpotter@yahoo.com','3610.91'),('2E6FE2BB0FAF41DE8F786BDA6480BC1A','XXX-XX-XX81','Mark','Kelly','Male','182 Cobb Roads','Justinland','TX','33154','001-125-661-5039x8295','garciasamuel@taylor.net','5902.3'),('CCC4C93831EF4D33823D6E47B4201958','XXX-XX-XX32','John','Rich','Male','PSC 0253, Box 3792','APO','AP','63918','(529)634-9193x6519','xforbes@yahoo.com','5004.58'),('01FBCF9D30B3464AB60848E74A90EE4D','XXX-XX-XX42','Jackie','Wilson','Female','130 Allison Park Apt. 640','Joneschester','OR','27082','005-249-9181x47503','shirley11@compton.biz','4162.88'),('82235C1AA39C4CF3B1746C0E2853FF81','XXX-XX-XX57','Michael','Vasquez','Male','726 Frederick Shoals Suite 311','Pierceberg','ND','77621','8792127175','josephramirez@reeves.com','6770.93'),('EC674DF947654BCEA84D1C482D86414F','XXX-XX-XX55','Gary','Rogers','Male','97445 Hopkins Inlet','Wendymouth','NM','61997','+1-034-533-1265','walkerjason@brown.com','5573.69'),('B27EBA09723A4632B42140B297BDF277','XXX-XX-XX48','April','Sharp','Female','Unit 8249 Box 2322','DPO','AP','82302','656-508-5891x107','npotter@dunn.com','3758.14'),('2FB81410CAB74EFA900DE63F95BE754B','XXX-XX-XX09','Ruth','Rice','Female','41635 Amy Fort Apt. 213','Haynesview','IA','69536','+1-817-502-9917x4449','cortezkaren@johnson.com','6178.97'),('B67721E33A9242618E84737A26524043','XXX-XX-XX35','Levi','Phillips','Male','Unit 0835 Box 3683','DPO','AE','87195','(050)413-7311x5565','michael18@gomez-vega.com','3545.49'),('5B3E3E85B7E343039B45F29EC7A7E25B','XXX-XX-XX39','Michelle','Wood','Female','21782 Logan Glen','East Kellyhaven','NC','22599','266.332.5134','berryray@turner.org','6617.61'),('E3D87CE34DD44AFC8683EDBF21CE144F','XXX-XX-XX96','Ernest','Burnett','Male','Unit 2576 Box 7669','DPO','AE','25243','1931872319','jesse08@hotmail.com','7910.16'),('E8918106BD4043B4AB61B0EA0AD98CA7','XXX-XX-XX23','Robert','Wright','Male','393 Flores Spurs Suite 054','Hayesstad','MT','15762','154-901-3210','houstonkathleen@moore.net','5602.61'),('0B7C2AFA3572460ABB45D4A1749557CB','XXX-XX-XX23','Michael','Jenkins','Male','470 Wagner Mission','East Terry','SC','03436','7436072802','mirandaturner@williams.com','4919.68'),('5B8543B27D9C4E47A43F093BAEE4E964','XXX-XX-XX02','Brenda','Wood','Female','986 Davis Plaza Suite 445','Thompsonton','NE','97965','556.206.1115x52258','matthewcoffey@serrano.org','7413.09'),('ECFB1E424A2042F28AC44C9699B88F14','XXX-XX-XX72','Caitlyn','Kelly','Female','22331 Richard Ports Suite 809','New Kylie','HI','11900','856.053.7533x108','taylorcassandra@johnson-maynard.biz','6783.26'),('4995DCA7DFFD4A00B16177AC97C924D9','XXX-XX-XX90','Richard','Lawrence','Male','Unit 9154 Box 3121','DPO','AE','47858','(647)013-3246','browntimothy@russell.com','7702.13'),('1470D848492844B5B1BD83BA1E6426C2','XXX-XX-XX88','Ashley','English','Female','582 Brown Parkway Suite 736','West Misty','WI','44335','(702)274-9779x8587','ashleyrobbins@hotmail.com','5496.73'),('E97466C7E12441CEBE67C3F81F68ACF1','XXX-XX-XX68','Jennifer','Anderson','Female','47120 Wright Hollow Apt. 326','North Davidmouth','IN','84779','001-256-630-5453x4224','harrisondana@yahoo.com','5306.96'),('4C956FCF756740E88840729AD61C8CF3','XXX-XX-XX41','Derek','Brown','Male','44043 Perez Point Apt. 487','Port Loriburgh','OH','62455','591-292-5278x605','victoriapugh@poole-rhodes.com','3009.32'),('1927C01A73AC4EDEBB313C8138E98F2D','XXX-XX-XX15','Phillip','Humphrey','Male','882 Robert Square','New Aaron','TX','69474','(107)607-5198','robertperkins@wilkerson.net','8351.72'),('F0C77E0EBE734949B34A3C9D65B685E8','XXX-XX-XX76','Bryan','Duran','Male','003 Jennifer Well Suite 727','South Andreashire','CO','47876','245.754.9204x705','johnsonamanda@yahoo.com','7400.0'),('B6366AF477CE4B86B626338E3DBB0D27','XXX-XX-XX14','Mary','Stokes','Female','Unit 0876 Box 1300','DPO','AE','64433','+1-814-090-7562','bryantkatherine@yahoo.com','9026.83'),('EBAF716D8469468692832DCB5E9CA859','XXX-XX-XX72','Jose','Hicks','Male','9154 Morton Route Suite 435','New James','GA','01375','(060)356-6727','norrisjennifer@gmail.com','7852.53'),('127B69EA0B784F64BC3960FBF35C38F6','XXX-XX-XX03','Michael','Ramsey','Male','893 Curtis Courts Apt. 531','Fernandostad','NV','06989','123-187-1717x24234','timothy92@gmail.com','7040.69'),('2136AAA00EF8414F83561146DF9B1BB9','XXX-XX-XX07','Angelica','Cummings','Female','66929 Laura Meadows Apt. 880','Hoffmantown','WY','61228','969-270-3572','tiffany62@yahoo.com','5903.02'),('4B39052ACD984A85AF9BE9EF9547244C','XXX-XX-XX53','Raven','Dawson','Female','4109 Gregory Vista Suite 033','Jamieburgh','WV','70692','(429)017-8574','jeffreywatson@gmail.com','3832.08'),('427733AB28724279B7FA161229F73AE7','XXX-XX-XX39','Robert','Richards','Male','484 John Ville','Smithland','UT','14651','1385994938','tiffany13@gmail.com','7598.85');
/*!40000 ALTER TABLE `employee_masked_data` ENABLE KEYS */;
UNLOCK TABLES;

--
-- Table structure for table `order_details`
--

DROP TABLE IF EXISTS `order_details`;
/*!40101 SET @saved_cs_client     = @@character_set_client */;
/*!50503 SET character_set_client = utf8mb4 */;
CREATE TABLE `order_details` (
  `orderID` int NOT NULL,
  `order_details` double DEFAULT NULL,
  `order_status` text,
  `cust_ID` bigint DEFAULT NULL,
  `PayID` bigint DEFAULT NULL,
  `restaurant_ID` bigint DEFAULT NULL,
  `EmpID` bigint DEFAULT NULL,
  PRIMARY KEY (`orderID`)
) ENGINE=InnoDB DEFAULT CHARSET=latin1;
/*!40101 SET character_set_client = @saved_cs_client */;

--
-- Dumping data for table `order_details`
--

LOCK TABLES `order_details` WRITE;
/*!40000 ALTER TABLE `order_details` DISABLE KEYS */;
INSERT INTO `order_details` VALUES (1012,0,'On the way',3771678,73870368,6300781,539712),(1060,0,'Pending',9868328,70829058,7303219,265813),(1100,0,'On the way',2431128,96225288,6706313,758872),(1132,0,'On the way',2762478,67053968,6600214,474599),(1144,0,'Pending',1390878,75748258,6709580,325319),(1160,0,'On the way',2457728,20870898,7300515,958326),(1172,0,'Completed',7498078,20995358,7302898,750173),(1180,0,'Pending',3774478,48729538,17284158,489424),(1188,0,'On the way',8229928,48448858,6713413,316110),(1216,0,'Pending',4965628,22268318,6600427,766610),(1320,0,'On the way',2915728,12889228,6309903,231469),(1328,0,'Pending',2082578,81175418,6601005,388642),(1368,0,'On the way',7016128,63447718,7300955,363065),(1372,0,'Completed',5543578,40476388,6601361,456747),(1400,0,'On the way',5114628,47470548,6315438,979607),(1544,0,'Pending',1615378,82019588,7300612,702813),(1576,0,'Completed',6096128,39661508,6706211,765850),(1636,0,'Pending',3303128,44510778,6601595,134841),(1672,0,'On the way',8676828,91312138,6713772,225925),(1724,0,'Completed',6773978,35034218,7301215,407061),(1764,0,'On the way',2047078,70732088,6704326,940922),(1768,0,'On the way',9480728,32463348,7300596,226714),(1792,0,'Pending',3071478,36299778,17284094,844177),(1796,0,'On the way',3636178,48101688,6317637,677509),(1812,0,'Completed',3355178,59209328,6601218,335732),(1896,0,'Completed',8005078,95299768,7302859,687017),(2004,0,'On the way',9518678,15576058,17284409,212893),(2020,0,'Completed',6079378,81361798,6300010,477616),(2048,0,'Pending',1155728,37498168,7300004,971640),(2064,0,'Pending',1981778,61018188,17284150,158666),(2088,0,'Completed',8855978,42123018,6600681,426038),(2204,0,'Pending',5094628,34663318,6301290,380086),(2340,0,'On the way',9841928,93251478,17284175,639892),(2364,0,'On the way',2009278,29496788,6702159,951225),(2404,0,'On the way',5341328,87904888,7300521,879753),(2480,0,'Completed',3504878,78019098,6700846,478003),(2516,0,'On the way',1656878,36247208,17284241,392491),(2584,0,'Pending',7273228,67927408,6700475,183071),(2616,0,'On the way',2345828,80493428,6714340,293459),(2640,0,'Completed',5436828,37464438,6310406,969580),(2692,0,'Pending',6098578,37657688,6601602,278556),(2708,0,'Pending',5675828,91808298,7300483,447813),(2712,0,'Completed',1624878,71537758,17284390,495141),(2776,0,'Completed',5615028,86051228,7304312,818384),(2784,0,'Pending',1569028,64222808,17284197,461593),(2816,0,'Pending',2368578,30368868,6711179,917937),(2904,0,'On the way',6292278,74819918,7304307,247137),(2912,0,'Completed',5591628,26610608,17284179,704709),(2932,0,'Pending',2834678,56384328,17284203,400173),(2980,0,'Pending',1233778,70386528,7300704,524896),(3028,0,'On the way',4780278,97203358,6600060,329752),(3132,0,'On the way',3537878,88591768,17284403,867084),(3160,0,'Pending',6081078,32560068,6601589,333476),(3248,0,'On the way',2914878,14203138,6703176,623253),(3252,0,'Completed',8345028,92950238,17284397,533952),(3332,0,'On the way',7639978,96025618,6318213,214352),(3364,0,'Completed',6099978,82364608,6310470,301576),(3384,0,'On the way',6107728,37350258,17284139,185032),(3528,0,'Pending',6146928,39904588,6304287,940761),(3652,0,'Completed',9511828,85189558,6308205,622406),(3684,0,'On the way',6187978,85960788,6600292,560455),(3924,0,'On the way',3500378,70877608,6601862,218791),(3968,0,'On the way',2475078,60653538,18185059,528509),(4004,0,'Completed',9393528,62213528,6702797,917395),(4060,0,'Completed',2749628,83381388,6701257,528673),(4068,0,'Completed',9834328,60843678,17284145,969964),(4120,0,'Pending',9274228,71477228,7301700,241882),(4136,0,'Completed',5259028,45910958,17284211,623929),(4256,0,'Completed',3769878,59745088,6601158,726264),(4272,0,'Completed',3618828,31652988,6318506,408351),(4276,0,'Completed',7516578,53242408,6600970,263480),(4368,0,'Pending',8602628,29018288,6600116,923947),(4372,0,'Pending',6606578,28846108,7305048,491943),(4376,0,'On the way',3519428,85268498,7302140,515103),(4472,0,'Completed',1708928,57180168,18182702,912990),(4572,0,'On the way',5829078,30264878,6701419,870820),(4576,0,'On the way',7915128,72943518,6300002,428945),(4668,0,'Pending',9431078,82702848,18255654,890290),(4708,0,'Pending',2670528,65420248,6318433,386158),(4712,0,'On the way',7388878,55618638,6600083,893212),(4748,0,'Pending',8515528,38297188,6314605,441771),(4764,0,'Pending',6734728,72748888,6314302,193819),(4788,0,'Pending',8445078,89931488,6309455,153989),(4792,0,'Completed',2941478,93426288,6601457,227922),(4828,0,'Pending',7122578,61489388,6600441,477253),(4832,0,'On the way',4988728,55301538,6601515,621833),(4888,0,'Completed',2016828,45266988,7300868,253573),(4912,0,'Completed',4166528,35848888,7302637,904898),(4920,0,'Pending',8559228,13884268,6710645,732017),(4984,0,'Pending',5641828,98359198,17284302,476433),(4988,0,'Completed',4334978,15468138,18189371,499687);
/*!40000 ALTER TABLE `order_details` ENABLE KEYS */;
UNLOCK TABLES;

--
-- Table structure for table `orders_table`
--

DROP TABLE IF EXISTS `orders_table`;
/*!40101 SET @saved_cs_client     = @@character_set_client */;
/*!50503 SET character_set_client = utf8mb4 */;
CREATE TABLE `orders_table` (
  `orderID` int DEFAULT NULL,
  `order_details` text,
  `order_status` text,
  `cust_ID` bigint DEFAULT NULL,
  `PayID` bigint DEFAULT NULL,
  `restaurant_ID` bigint DEFAULT NULL,
  `EmpID` bigint DEFAULT NULL
) ENGINE=InnoDB DEFAULT CHARSET=latin1;
/*!40101 SET character_set_client = @saved_cs_client */;

--
-- Dumping data for table `orders_table`
--

LOCK TABLES `orders_table` WRITE;
/*!40000 ALTER TABLE `orders_table` DISABLE KEYS */;
INSERT INTO `orders_table` VALUES (1796,'Tacos,Pasta Carbonara,Dumplings,Dolmadakia','On the way',3636178,48101688,6317637,677509),(3528,'Tacos,bruschetta,Dumplings,Amygdalota','Pending',6146928,39904588,6304287,940761),(4576,'Tacos,Margherita Pizza,Sweet and Sour Pork,Amygdalota','On the way',7915128,72943518,6300002,428945),(4272,'quesadillas,bruschetta,Dumplings,Amygdalota','Completed',3618828,31652988,6318506,408351),(4764,'enchiladas,Margherita Pizza,Dumplings,Baklava','Pending',6734728,72748888,6314302,193819),(4988,'quesadillas,bruschetta,Chow Mein,Amygdalota','Completed',4334978,15468138,18189371,499687),(1012,'burritos,Pasta Carbonara,Chow Mein,Amygdalota','On the way',3771678,73870368,6300781,539712),(2204,'burritos,Margherita Pizza,Chow Mein,Bougatsa','Pending',5094628,34663318,6301290,380086),(2020,'quesadillas,bruschetta,Chow Mein,Baklava','Completed',6079378,81361798,6300010,477616),(1320,'burritos,Margherita Pizza,Dumplings,Dolmadakia','On the way',2915728,12889228,6309903,231469),(4788,'enchiladas,Pasta Carbonara,Chow Mein,Dolmadakia','Pending',8445078,89931488,6309455,153989),(4708,'quesadillas,Margherita Pizza,Dumplings,Dolmadakia','Pending',2670528,65420248,6318433,386158),(3364,'Tacos,Margherita Pizza,Dumplings,Bougatsa','Completed',6099978,82364608,6310470,301576),(4748,'Tacos,Pasta Carbonara,Sweet and Sour Pork,Amygdalota','Pending',8515528,38297188,6314605,441771),(3968,'burritos,bruschetta,Sweet and Sour Pork,Baklava','On the way',2475078,60653538,18185059,528509),(4472,'burritos,Pasta Carbonara,Sweet and Sour Pork,Bougatsa','Completed',1708928,57180168,18182702,912990),(3332,'burritos,Pasta Carbonara,Chow Mein,Amygdalota','On the way',7639978,96025618,6318213,214352),(4668,'enchiladas,bruschetta,Chow Mein,Amygdalota','Pending',9431078,82702848,18255654,890290),(3652,'enchiladas,Pasta Carbonara,Chow Mein,Baklava','Completed',9511828,85189558,6308205,622406),(1400,'quesadillas,Pasta Carbonara,Sweet and Sour Pork,Amygdalota','On the way',5114628,47470548,6315438,979607),(2640,'burritos,Pasta Carbonara,Dumplings,Baklava','Completed',5436828,37464438,6310406,969580),(2088,'enchiladas,bruschetta,Chow Mein,Baklava','Completed',8855978,42123018,6600681,426038),(1328,'quesadillas,Pasta Carbonara,Dumplings,Amygdalota','Pending',2082578,81175418,6601005,388642),(3684,'enchiladas,Margherita Pizza,Sweet and Sour Pork,Baklava','On the way',6187978,85960788,6600292,560455),(4828,'quesadillas,Pasta Carbonara,Chow Mein,Dolmadakia','Pending',7122578,61489388,6600441,477253),(4276,'enchiladas,bruschetta,Sweet and Sour Pork,Baklava','Completed',7516578,53242408,6600970,263480),(1132,'Tacos,Pasta Carbonara,Chow Mein,Dolmadakia','On the way',2762478,67053968,6600214,474599),(1812,'quesadillas,Margherita Pizza,Dumplings,Amygdalota','Completed',3355178,59209328,6601218,335732),(3028,'quesadillas,Pasta Carbonara,Chow Mein,Amygdalota','On the way',4780278,97203358,6600060,329752),(4712,'burritos,bruschetta,Chow Mein,Amygdalota','On the way',7388878,55618638,6600083,893212),(4832,'Tacos,bruschetta,Sweet and Sour Pork,Bougatsa','On the way',4988728,55301538,6601515,621833),(1372,'enchiladas,Margherita Pizza,Dumplings,Dolmadakia','Completed',5543578,40476388,6601361,456747),(2692,'enchiladas,bruschetta,Dumplings,Amygdalota','Pending',6098578,37657688,6601602,278556),(3160,'quesadillas,Margherita Pizza,Chow Mein,Bougatsa','Pending',6081078,32560068,6601589,333476),(3924,'Tacos,Margherita Pizza,Chow Mein,Bougatsa','On the way',3500378,70877608,6601862,218791),(1636,'enchiladas,Pasta Carbonara,Sweet and Sour Pork,Bougatsa','Pending',3303128,44510778,6601595,134841),(4256,'burritos,bruschetta,Chow Mein,Amygdalota','Completed',3769878,59745088,6601158,726264),(1216,'Tacos,bruschetta,Sweet and Sour Pork,Amygdalota','Pending',4965628,22268318,6600427,766610),(4368,'burritos,Pasta Carbonara,Dumplings,Dolmadakia','Pending',8602628,29018288,6600116,923947),(4792,'enchiladas,Margherita Pizza,Sweet and Sour Pork,Dolmadakia','Completed',2941478,93426288,6601457,227922),(1060,'burritos,Pasta Carbonara,Chow Mein,Dolmadakia','Pending',9868328,70829058,7303219,265813),(2904,'enchiladas,bruschetta,Chow Mein,Dolmadakia','On the way',6292278,74819918,7304307,247137),(1724,'enchiladas,Pasta Carbonara,Dumplings,Amygdalota','Completed',6773978,35034218,7301215,407061),(1768,'Tacos,Pasta Carbonara,Sweet and Sour Pork,Amygdalota','On the way',9480728,32463348,7300596,226714),(1544,'quesadillas,Pasta Carbonara,Sweet and Sour Pork,Bougatsa','Pending',1615378,82019588,7300612,702813),(2980,'burritos,bruschetta,Sweet and Sour Pork,Dolmadakia','Pending',1233778,70386528,7300704,524896),(1368,'quesadillas,Margherita Pizza,Dumplings,Dolmadakia','On the way',7016128,63447718,7300955,363065),(2404,'quesadillas,Margherita Pizza,Dumplings,Bougatsa','On the way',5341328,87904888,7300521,879753),(1160,'burritos,Pasta Carbonara,Dumplings,Amygdalota','On the way',2457728,20870898,7300515,958326),(2708,'Tacos,Pasta Carbonara,Chow Mein,Bougatsa','Pending',5675828,91808298,7300483,447813),(2776,'Tacos,Margherita Pizza,Chow Mein,Bougatsa','Completed',5615028,86051228,7304312,818384),(2048,'Tacos,Pasta Carbonara,Chow Mein,Baklava','Pending',1155728,37498168,7300004,971640),(4888,'enchiladas,Pasta Carbonara,Chow Mein,Dolmadakia','Completed',2016828,45266988,7300868,253573),(4912,'enchiladas,Pasta Carbonara,Sweet and Sour Pork,Baklava','Completed',4166528,35848888,7302637,904898),(4376,'enchiladas,Pasta Carbonara,Sweet and Sour Pork,Dolmadakia','On the way',3519428,85268498,7302140,515103),(4372,'quesadillas,bruschetta,Dumplings,Dolmadakia','Pending',6606578,28846108,7305048,491943),(1172,'enchiladas,Pasta Carbonara,Dumplings,Amygdalota','Completed',7498078,20995358,7302898,750173),(1896,'quesadillas,bruschetta,Chow Mein,Amygdalota','Completed',8005078,95299768,7302859,687017),(4120,'quesadillas,Margherita Pizza,Sweet and Sour Pork,Dolmadakia','Pending',9274228,71477228,7301700,241882),(1100,'Tacos,Pasta Carbonara,Sweet and Sour Pork,Bougatsa','On the way',2431128,96225288,6706313,758872),(1764,'enchiladas,Margherita Pizza,Sweet and Sour Pork,Bougatsa','On the way',2047078,70732088,6704326,940922),(2816,'Tacos,Pasta Carbonara,Dumplings,Amygdalota','Pending',2368578,30368868,6711179,917937),(4004,'Tacos,Margherita Pizza,Dumplings,Baklava','Completed',9393528,62213528,6702797,917395),(2584,'burritos,Pasta Carbonara,Chow Mein,Amygdalota','Pending',7273228,67927408,6700475,183071),(1188,'quesadillas,bruschetta,Dumplings,Amygdalota','On the way',8229928,48448858,6713413,316110),(2616,'quesadillas,Margherita Pizza,Chow Mein,Amygdalota','On the way',2345828,80493428,6714340,293459),(4920,'quesadillas,Margherita Pizza,Dumplings,Baklava','Pending',8559228,13884268,6710645,732017),(2480,'Tacos,Margherita Pizza,Chow Mein,Amygdalota','Completed',3504878,78019098,6700846,478003),(2364,'quesadillas,bruschetta,Sweet and Sour Pork,Baklava','On the way',2009278,29496788,6702159,951225),(4060,'burritos,bruschetta,Chow Mein,Baklava','Completed',2749628,83381388,6701257,528673),(1576,'burritos,Margherita Pizza,Chow Mein,Dolmadakia','Completed',6096128,39661508,6706211,765850),(4572,'enchiladas,Pasta Carbonara,Sweet and Sour Pork,Dolmadakia','On the way',5829078,30264878,6701419,870820),(1144,'quesadillas,Pasta Carbonara,Sweet and Sour Pork,Dolmadakia','Pending',1390878,75748258,6709580,325319),(3248,'quesadillas,bruschetta,Sweet and Sour Pork,Amygdalota','On the way',2914878,14203138,6703176,623253),(1672,'burritos,bruschetta,Dumplings,Baklava','On the way',8676828,91312138,6713772,225925),(2932,'quesadillas,bruschetta,Chow Mein,Dolmadakia','Pending',2834678,56384328,17284203,400173),(4984,'quesadillas,Margherita Pizza,Chow Mein,Baklava','Pending',5641828,98359198,17284302,476433),(3252,'enchiladas,Pasta Carbonara,Sweet and Sour Pork,Bougatsa','Completed',8345028,92950238,17284397,533952),(4136,'burritos,Margherita Pizza,Sweet and Sour Pork,Dolmadakia','Completed',5259028,45910958,17284211,623929),(1792,'burritos,Margherita Pizza,Sweet and Sour Pork,Bougatsa','Pending',3071478,36299778,17284094,844177),(2004,'enchiladas,bruschetta,Sweet and Sour Pork,Baklava','On the way',9518678,15576058,17284409,212893),(3384,'burritos,Margherita Pizza,Dumplings,Dolmadakia','On the way',6107728,37350258,17284139,185032),(3132,'burritos,bruschetta,Sweet and Sour Pork,Dolmadakia','On the way',3537878,88591768,17284403,867084),(4068,'quesadillas,Margherita Pizza,Sweet and Sour Pork,Amygdalota','Completed',9834328,60843678,17284145,969964),(2064,'Tacos,Pasta Carbonara,Chow Mein,Baklava','Pending',1981778,61018188,17284150,158666),(1180,'Tacos,bruschetta,Chow Mein,Amygdalota','Pending',3774478,48729538,17284158,489424),(2340,'quesadillas,Margherita Pizza,Sweet and Sour Pork,Amygdalota','On the way',9841928,93251478,17284175,639892),(2912,'Tacos,Margherita Pizza,Dumplings,Bougatsa','Completed',5591628,26610608,17284179,704709),(2784,'quesadillas,Pasta Carbonara,Chow Mein,Amygdalota','Pending',1569028,64222808,17284197,461593),(2516,'quesadillas,Margherita Pizza,Sweet and Sour Pork,Bougatsa','On the way',1656878,36247208,17284241,392491),(2712,'enchiladas,Margherita Pizza,Chow Mein,Baklava','Completed',1624878,71537758,17284390,495141);
/*!40000 ALTER TABLE `orders_table` ENABLE KEYS */;
UNLOCK TABLES;

--
-- Table structure for table `payment`
--

DROP TABLE IF EXISTS `payment`;
/*!40101 SET @saved_cs_client     = @@character_set_client */;
/*!50503 SET character_set_client = utf8mb4 */;
CREATE TABLE `payment` (
  `PayID` bigint NOT NULL,
  `Pay_status` text,
  `Pay_method` text,
  `service_provider_name` text,
  `orderID` int DEFAULT NULL,
  `cust_ID` bigint DEFAULT NULL,
  PRIMARY KEY (`PayID`),
  KEY `orderID_idx` (`orderID`),
  CONSTRAINT `orderID` FOREIGN KEY (`orderID`) REFERENCES `order_details` (`orderID`)
) ENGINE=InnoDB DEFAULT CHARSET=latin1;
/*!40101 SET character_set_client = @saved_cs_client */;

--
-- Dumping data for table `payment`
--

LOCK TABLES `payment` WRITE;
/*!40000 ALTER TABLE `payment` DISABLE KEYS */;
INSERT INTO `payment` VALUES (12889228,'Payment Outstanding','Cash','Mastercard',1320,2915728),(13884268,'Payment Paid','Cash','Visa',4920,8559228),(14203138,'Payment Paid','Redeem Rewards','Mastercard',3248,2914878),(15468138,'Payment Paid','Debit Card','Visa',4988,4334978),(15576058,'Payment Paid','Redeem Rewards','Visa',2004,9518678),(20870898,'Payment Paid','Debit Card','Mastercard',1160,2457728),(20995358,'Payment Outstanding','Redeem Rewards','Visa',1172,7498078),(22268318,'Payment Paid','Credit Card','Visa',1216,4965628),(26610608,'Payment Paid','Cash','Mastercard',2912,5591628),(28846108,'Payment Outstanding','Credit Card','Visa',4372,6606578),(29018288,'Payment Paid','Cash','Mastercard',4368,8602628),(29496788,'Payment Outstanding','Redeem Rewards','Mastercard',2364,2009278),(30264878,'Payment Paid','Debit Card','Visa',4572,5829078),(30368868,'Payment Paid','Redeem Rewards','Mastercard',2816,2368578),(31652988,'Payment Outstanding','Credit Card','Visa',4272,3618828),(32463348,'Payment Paid','Debit Card','Visa',1768,9480728),(32560068,'Payment Outstanding','Redeem Rewards','Mastercard',3160,6081078),(34663318,'Payment Outstanding','Debit Card','Mastercard',2204,5094628),(35034218,'Payment Outstanding','Debit Card','Mastercard',1724,6773978),(35848888,'Payment Outstanding','Credit Card','Visa',4912,4166528),(36247208,'Payment Paid','Cash','Visa',2516,1656878),(36299778,'Payment Outstanding','Cash','Mastercard',1792,3071478),(37350258,'Payment Outstanding','Debit Card','Mastercard',3384,6107728),(37464438,'Payment Outstanding','Credit Card','Mastercard',2640,5436828),(37498168,'Payment Outstanding','Cash','Mastercard',2048,1155728),(37657688,'Payment Paid','Credit Card','Visa',2692,6098578),(38297188,'Payment Paid','Credit Card','Visa',4748,8515528),(39661508,'Payment Outstanding','Redeem Rewards','Mastercard',1576,6096128),(39904588,'Payment Paid','Credit Card','Mastercard',3528,6146928),(40476388,'Payment Outstanding','Debit Card','Mastercard',1372,5543578),(42123018,'Payment Paid','Credit Card','Mastercard',2088,8855978),(43126508,'Payment Outstanding','Cash','Visa',4828,6681378),(44510778,'Payment Paid','Debit Card','Visa',1636,3303128),(45266988,'Payment Paid','Credit Card','Mastercard',4888,2016828),(45910958,'Payment Paid','Credit Card','Visa',4136,5259028),(47454438,'Payment Outstanding','Credit Card','Visa',1368,8298978),(47470548,'Payment Outstanding','Cash','Mastercard',1400,5114628),(48101688,'Payment Paid','Redeem Rewards','Mastercard',1796,3636178),(48448858,'Payment Paid','Redeem Rewards','Visa',1188,8229928),(48729538,'Payment Paid','Redeem Rewards','Visa',1180,3774478),(53242408,'Payment Paid','Debit Card','Visa',4276,7516578),(55301538,'Payment Paid','Credit Card','Visa',4832,4988728),(55618638,'Payment Outstanding','Redeem Rewards','Visa',4712,7388878),(56384328,'Payment Paid','Redeem Rewards','Mastercard',2932,2834678),(57180168,'Payment Outstanding','Credit Card','Visa',4472,1708928),(59209328,'Payment Paid','Credit Card','Visa',1812,3355178),(59745088,'Payment Outstanding','Cash','Visa',4256,3769878),(60378748,'Payment Outstanding','Credit Card','Visa',4576,2173478),(60653538,'Payment Paid','Redeem Rewards','Visa',3968,2475078),(60843678,'Payment Outstanding','Redeem Rewards','Visa',4068,9834328),(61018188,'Payment Outstanding','Redeem Rewards','Visa',2064,1981778),(61489388,'Payment Paid','Debit Card','Mastercard',4828,7122578),(62213528,'Payment Paid','Redeem Rewards','Visa',4004,9393528),(62850408,'Payment Paid','Debit Card','Visa',3528,8801228),(63436158,'Payment Outstanding','Debit Card','Visa',1160,8961128),(63447718,'Payment Paid','Redeem Rewards','Visa',1368,7016128),(64222808,'Payment Outstanding','Redeem Rewards','Visa',2784,1569028),(65420248,'Payment Outstanding','Redeem Rewards','Mastercard',4708,2670528),(67053968,'Payment Paid','Cash','Mastercard',1132,2762478),(67927408,'Payment Outstanding','Debit Card','Visa',2584,7273228),(70386528,'Payment Outstanding','Debit Card','Visa',2980,1233778),(70732088,'Payment Outstanding','Credit Card','Visa',1764,2047078),(70829058,'Payment Outstanding','Redeem Rewards','Mastercard',1060,9868328),(70877608,'Payment Paid','Redeem Rewards','Visa',3924,3500378),(71477228,'Payment Outstanding','Redeem Rewards','Visa',4120,9274228),(71537758,'Payment Paid','Debit Card','Mastercard',2712,1624878),(72748888,'Payment Outstanding','Debit Card','Visa',4764,6734728),(72943518,'Payment Outstanding','Redeem Rewards','Mastercard',4576,7915128),(72955998,'Payment Paid','Credit Card','Visa',2204,7345328),(73870368,'Payment Outstanding','Cash','Mastercard',1012,3771678),(74819918,'Payment Outstanding','Redeem Rewards','Mastercard',2904,6292278),(75748258,'Payment Outstanding','Redeem Rewards','Mastercard',1144,1390878),(78019098,'Payment Outstanding','Credit Card','Visa',2480,3504878),(80493428,'Payment Outstanding','Redeem Rewards','Visa',2616,2345828),(81175418,'Payment Outstanding','Debit Card','Visa',1328,2082578),(81361798,'Payment Paid','Credit Card','Visa',2020,6079378),(82019588,'Payment Paid','Debit Card','Visa',1544,1615378),(82364608,'Payment Outstanding','Cash','Mastercard',3364,6099978),(82702848,'Payment Outstanding','Cash','Mastercard',4668,9431078),(83381388,'Payment Outstanding','Credit Card','Visa',4060,2749628),(85189558,'Payment Outstanding','Credit Card','Mastercard',3652,9511828),(85268498,'Payment Paid','Debit Card','Mastercard',4376,3519428),(85960788,'Payment Outstanding','Credit Card','Mastercard',3684,6187978),(86051228,'Payment Paid','Credit Card','Visa',2776,5615028),(87904888,'Payment Paid','Cash','Visa',2404,5341328),(88591768,'Payment Outstanding','Cash','Mastercard',3132,3537878),(89931488,'Payment Outstanding','Debit Card','Visa',4788,8445078),(90644938,'Payment Paid','Redeem Rewards','Mastercard',2708,2996478),(91312138,'Payment Outstanding','Debit Card','Visa',1672,8676828),(91808298,'Payment Outstanding','Credit Card','Visa',2708,5675828),(92950238,'Payment Paid','Redeem Rewards','Mastercard',3252,8345028),(93251478,'Payment Paid','Debit Card','Mastercard',2340,9841928),(93426288,'Payment Outstanding','Redeem Rewards','Visa',4792,2941478),(95299768,'Payment Outstanding','Cash','Mastercard',1896,8005078),(96025618,'Payment Paid','Cash','Mastercard',3332,7639978),(96225288,'Payment Paid','Debit Card','Visa',1100,2431128),(96831738,'Payment Paid','Credit Card','Visa',4372,2506878),(97203358,'Payment Outstanding','Redeem Rewards','Visa',3028,4780278),(98359198,'Payment Outstanding','Redeem Rewards','Visa',4984,5641828),(98627438,'Payment Outstanding','Credit Card','Mastercard',4376,8470928);
/*!40000 ALTER TABLE `payment` ENABLE KEYS */;
UNLOCK TABLES;

--
-- Table structure for table `restaurant_table`
--

DROP TABLE IF EXISTS `restaurant_table`;
/*!40101 SET @saved_cs_client     = @@character_set_client */;
/*!50503 SET character_set_client = utf8mb4 */;
CREATE TABLE `restaurant_table` (
  `restaurant_ID` bigint NOT NULL,
  `restaurant_name` text,
  `address` text,
  `contact_no` text,
  `cuisines` text,
  `order_id` int DEFAULT NULL,
  PRIMARY KEY (`restaurant_ID`)
) ENGINE=InnoDB DEFAULT CHARSET=latin1;
/*!40101 SET character_set_client = @saved_cs_client */;

--
-- Dumping data for table `restaurant_table`
--

LOCK TABLES `restaurant_table` WRITE;
/*!40000 ALTER TABLE `restaurant_table` DISABLE KEYS */;
INSERT INTO `restaurant_table` VALUES (6300002,'Heat - Edsa Shangri-La','Edsa Shangri-La, 1 Garden Way, Ortigas, Mandaluyong City','585-720-7414','Seafood, Asian, Filipino, Indian',4576),(6300010,'Spiral - Sofitel Philippine Plaza Manila','Plaza Level, Sofitel Philippine Plaza Manila, CCP Complex, Pasay City','585-348-5662','European, Asian, Indian',2020),(6300781,'Buffet 101','Building K, SM By The Bay, Sunset Boulevard, Mall of Asia Complex (MOA), Pasay City','585-172-6427','Asian, European',1012),(6301290,'Vikings','Building B, By The Bay, Seaside Boulevard, Mall of Asia Complex (MOA), Pasay City','585-416-3715','Seafood, Filipino, Asian, European',2204),(6304287,'Izakaya Kikufuji','Little Tokyo, 2277 Chino Roces Avenue, Legaspi Village, Makati City','585-916-7819','Japanese',3528),(6308205,'Wildflour Cafe + Bakery','Ground Floor, Netlima Building, 4th Avenue Corner 26th Street, Bonifacio Global City, Taguig City','585-872-7072','Cafe, Bakery, American, Italian',3652),(6309455,'Mad Mark\'s Creamery & Good Eats','23 East Capitol Drive, Kapitolyo, Pasig City','585-296-6793','American, Ice Cream, Desserts',4788),(6309903,'Silantro Fil-Mex','75 East Capitol Drive, Kapitolyo, Pasig City','585-744-3904','Filipino, Mexican',1320),(6310470,'Guevarra\'s','387 P. Guevarra Corner Argonne Street, Addition Hills, San Juan City','585-268-5614','Filipino',3364),(6314302,'Sambo Kojin','Third Floor, Mega Atrium, SM Megamall, Ortigas, Mandaluyong City','585-268-2965','Japanese, Korean',4764),(6314605,'Sodam Korean Restaurant','17 J. Abad Santos Drive, Little Baguio, San Juan City','585-944-4318','Korean',4748),(6314987,'Locavore','Brixton Technology Center, 10 Brixton Street, Kapitolyo, Pasig City','585-688-8176','Filipino',2204),(6315438,'NIU by Vikings','Sixth Floor, SM Aura Premier, C5 Road Corner 26th Street, Bonifacio Global City, Taguig City','585-668-7357','Seafood, American, Mediterranean, Japanese',1400),(6317637,'Le Petit Souffle','Third Floor, Century City Mall, Kalayaan Avenue, Poblacion, Makati City','585-556-2086','French, Japanese, Desserts',1796),(6318213,'Balay Dako','Aguinaldo Highway, Tagaytay City','585-464-7600','Filipino',3332),(6318433,'Silantro Fil-Mex','Second Floor, UP Town Center, Katipunan Avenue, Diliman, Quezon City','585-668-6940','Filipino, Mexican',4708),(6318506,'Ooma','Third Floor, Mega Fashion Hall, SM Megamall, Ortigas, Mandaluyong City','585-956-9901','Japanese, Sushi',4272),(18182702,'Nonna\'s Pasta & Pizzeria','Ground Floor, Building G, Solenad 3, Nuvali, Don Jose, Santa Rosa','585-688-6406','Italian, Pizza',4472),(18185059,'Cafe Arabelle','Ayala Mall, Solenad, Nuvali, Santa Rosa - Tagaytay Road, Don Jose, Santa Rosa','585-352-2989','Cafe, American, Italian, Filipino',3968),(18189371,'Din Tai Fung','Ground Floor, Mega Fashion Hall, SM Megamall, Ortigas, Mandaluyong City','585-156-9889','Chinese',4988),(18255654,'Hobing Korean Dessert Cafe','Third Floor, BGC Stopover Pavillion, Rizal Drive Corner 31st Street, Bonifacio Global City, Taguig City','585-804-7510','Cafe, Korean, Desserts',4668);
/*!40000 ALTER TABLE `restaurant_table` ENABLE KEYS */;
UNLOCK TABLES;
/*!40103 SET TIME_ZONE=@OLD_TIME_ZONE */;

/*!40101 SET SQL_MODE=@OLD_SQL_MODE */;
/*!40014 SET FOREIGN_KEY_CHECKS=@OLD_FOREIGN_KEY_CHECKS */;
/*!40014 SET UNIQUE_CHECKS=@OLD_UNIQUE_CHECKS */;
/*!40101 SET CHARACTER_SET_CLIENT=@OLD_CHARACTER_SET_CLIENT */;
/*!40101 SET CHARACTER_SET_RESULTS=@OLD_CHARACTER_SET_RESULTS */;
/*!40101 SET COLLATION_CONNECTION=@OLD_COLLATION_CONNECTION */;
/*!40111 SET SQL_NOTES=@OLD_SQL_NOTES */;

-- Dump completed on 2020-04-27 23:28:24
